{
    "img_path": "images/look/1994_2025-01-07_12-24-14.png",
    "custom_model": "94",
    "top_all_classes": {
        "9": 0.9241209626197815,
        "4": 0.8681396842002869,
        "94": 0.7910247445106506,
        "1": 0.10492994636297226,
        "91": 0.0727933794260025
    },
    "top_2_digit_classes": {
        "94": 0.7910247445106506,
        "91": 0.0727933794260025,
        "00": 0.024697965011000633
    },
    "top_1_digit_classes": {
        "9": 0.9241209626197815,
        "4": 0.8681396842002869,
        "1": 0.10492994636297226
    },
    "open_ai": {
        "pred": "94",
        "lefty": "9",
        "righty": "4",
        "up_pic": 1
    },
    "upright_custom": {
        "pred": "94",
        "top_all": {
            "9": 0.9241209626197815,
            "4": 0.8681396842002869,
            "94": 0.7910247445106506,
            "1": 0.10492994636297226,
            "91": 0.0727933794260025
        },
        "top_2_digit": {
            "94": 0.7910247445106506,
            "91": 0.0727933794260025,
            "00": 0.024697965011000633
        },
        "top_1_digit": {
            "9": 0.9241209626197815,
            "4": 0.8681396842002869,
            "1": 0.10492994636297226
        }
    }
}