{
    "img_path": "images/look/2007_2025-01-07_13-05-43.png",
    "custom_model": "07",
    "top_all_classes": {
        "7": 0.8835412859916687,
        "0": 0.22840914130210876,
        "07": 0.13672009110450745,
        "8": 0.09581311047077179,
        "2": 0.05290423333644867
    },
    "top_2_digit_classes": {
        "07": 0.13672009110450745,
        "67": 0.021061498671770096,
        "45": 0.01866896077990532
    },
    "top_1_digit_classes": {
        "7": 0.8835412859916687,
        "0": 0.22840914130210876,
        "8": 0.09581311047077179
    },
    "open_ai": "07"
}