{
    "img_path": "images/look/1972_2025-01-07_11-18-07_E_R.png",
    "custom_model": "72",
    "top_all_classes": {
        "2": 0.9942240118980408,
        "7": 0.9763523936271667,
        "72": 0.930755615234375,
        "6": 0.03454740345478058,
        "82": 0.018937446177005768
    },
    "top_2_digit_classes": {
        "72": 0.930755615234375,
        "82": 0.018937446177005768,
        "62": 0.013170276768505573
    },
    "top_1_digit_classes": {
        "2": 0.9942240118980408,
        "7": 0.9763523936271667,
        "6": 0.03454740345478058
    },
    "open_ai": "25"
}