{
    "img_path": "images/test-512/2015_2025-01-07_13-29-43_x.png",
    "custom_model": "13",
    "top_all_classes": {
        "1": 0.9774978756904602,
        "3": 0.20382149517536163,
        "2": 0.15908575057983398,
        "5": 0.08716312050819397,
        "9": 0.07451882213354111
    },
    "top_2_digit_classes": {
        "13": 0.06704524904489517,
        "11": 0.04451534152030945,
        "15": 0.03977920114994049
    },
    "top_1_digit_classes": {
        "1": 0.9774978756904602,
        "3": 0.20382149517536163,
        "2": 0.15908575057983398
    },
    "open_ai": "15"
}