{
    "img_path": "images/look/2002_2025-01-07_12-50-22.png",
    "open_ai": {
        "pred": "02",
        "lefty": "0",
        "righty": "2",
        "up_pic": 1
    },
    "custom_model": "02",
    "top_all_classes": {
        "2": 0.9909493327140808,
        "0": 0.989881694316864,
        "02": 0.9066070914268494,
        "5": 0.0968131422996521,
        "3": 0.023671863600611687
    },
    "top_2_digit_classes": {
        "02": 0.9066070914268494,
        "01": 0.011545615270733833,
        "05": 0.0070523894391953945
    },
    "top_1_digit_classes": {
        "2": 0.9909493327140808,
        "0": 0.989881694316864,
        "5": 0.0968131422996521
    },
    "upright_custom": {
        "pred": "02",
        "top_all": {
            "2": 0.9909493327140808,
            "0": 0.989881694316864,
            "02": 0.9066070914268494,
            "5": 0.0968131422996521,
            "3": 0.023671863600611687
        },
        "top_2_digit": {
            "02": 0.9066070914268494,
            "01": 0.011545615270733833,
            "05": 0.0070523894391953945
        },
        "top_1_digit": {
            "2": 0.9909493327140808,
            "0": 0.989881694316864,
            "5": 0.0968131422996521
        }
    },
    "serial_time": 6.076423
}