{
    "img_path": "images/look/1972_2025-01-07_11-18-07_E_R.png",
    "custom_model": "72",
    "top_all_classes": {
        "2": 0.9942240118980408,
        "7": 0.976352870464325,
        "72": 0.9307565093040466,
        "6": 0.034547533839941025,
        "82": 0.018937809392809868
    },
    "top_2_digit_classes": {
        "72": 0.9307565093040466,
        "82": 0.018937809392809868,
        "62": 0.013170504942536354
    },
    "top_1_digit_classes": {
        "2": 0.9942240118980408,
        "7": 0.976352870464325,
        "6": 0.034547533839941025
    },
    "open_ai": "25"
}